CodTara,Tara,RataSomaj,FortaDeMunca,Pib/loc,SperantaViata,IDU
AF,Afghanistan,8.836999893,10937230,585.8500638,64.047,0.478
AL,Albania,13.86699963,1330861,4537.862492,78.495,0.796
DZ,Algeria,10.12899971,12106254,4123.389937,76.293,0.745
AO,Angola,8.166999817,12298645,4170.31228,61.809,0.586
AR,Argentina,8.517999649,19901885,14401.97485,76.738,0.842
AM,Armenia,18.23399925,1409757,3936.79832,74.782,0.759
AU,Australia,5.590000153,12910684,53799.93809,83.068,0.951
AT,Austria,5.5,4565912,47290.91165,81.77,0.916
AZ,Azerbaijan,5.032000065,5002124,4131.61831,72.123,0.745
BS,Bahamas,12.57299995,238352,30762.01244,75.823,0.812
BH,Bahrain,1.200999975,865078,23655.0356,77.038,0.875
BD,Bangladesh,4.367000103,66642260,1516.513423,72.808,0.661
BY,Belarus,0.481000006,5066858,5726.029673,73.07,0.808
BE,Belgium,7.090000153,5011369,43323.80734,81.303,0.937
BZ,Belize,9.329999924,172349,4905.506284,70.588,0.683
BJ,Benin,2.46600008,4541703,829.7972306,61.171,0.525
BT,Bhutan,2.434999943,396174,3110.230113,70.565,0.666
BO,Bolivia,3.148000002,5093219,3393.955818,69.473,0.692
BA,Bosnia and Herzegovina,25.56200027,1403237,5180.636301,77.087,0.78
BW,Botswana,17.35700035,1130007,7595.59585,67.618,0.693
BR,Brazil,13.31999969,104278222,9821.407686,75.723,0.754
BN,Brunei,7.080999851,221398,28290.5852,77.374,0.829
BG,Bulgaria,6.159999847,3243187,8031.598442,74.874,0.795
BF,Burkina Faso,6.303999901,6995457,670.7059131,60.77,0.449
BI,Burundi,1.552999973,4713453,320.0868701,57.857,0.426
KH,Cambodia,0.216000006,9309226,1384.423187,69.331,0.593
CM,Cameroon,4.242000103,10499670,1446.702895,58.575,0.576
CA,Canada,6.340000153,20097371,45032.11991,82.541,0.936
CF,Central African Republic,5.952000141,1891572,418.411287,52.89,0.404
TD,Chad,5.886000156,5603043,669.8864259,53.208,0.394
CL,Chile,6.960000038,8963428,15346.4497,79.732,0.855
CN,China,4.675000191,786738207,8826.994096,76.41,0.768
CO,Colombia,8.850000381,26421385,6301.589878,74.562,0.752
KM,Comoros,4.34100008,211248,797.2863685,63.912,0.558
CR,Costa Rica,8.140000343,2288525,11630.6684,80.03,0.809
CI,Cote d'Ivoire,2.599999905,8015967,1662.442467,54.102,0.55
HR,Croatia,11.21000004,1805707,13294.51493,77.807,0.858
CY,Cyprus,11.03999996,615941,25233.57098,80.67,0.896
CZ,Czech Republic,2.890000105,5371439,20368.13856,78.877,0.889
DK,Denmark,5.739999771,3042143,56307.5083,80.878,0.948
DJ,Djibouti,5.809999943,389053,1927.589706,62.643,0.509
DO,Dominican Republic,5.486000061,5080983,7052.258839,74.048,0.767
EC,Ecuador,3.839999914,8120097,6198.947323,76.551,0.74
EG,Egypt,12.07900047,31149152,2412.727082,71.661,0.731
SV,El Salvador,4.491000175,2844047,3889.308769,73.75,0.675
GQ,Equatorial Guinea,6.914000034,471595,9850.013585,57.939,0.596
EE,Estonia,5.760000229,690355,19704.65504,77.709,0.89
ET,Ethiopia,5.203999996,51450036,767.5634778,65.874,0.498
FJ,Fiji,6.304999828,377262,5589.388833,70.417,0.73
FI,Finland,8.640000343,2684550,45703.32787,81.496,0.94
FR,France,9.399999619,30356754,38476.65864,82.716,0.903
GA,Gabon,19.6590004,667636,7220.687235,66.48,0.706
GM,Gambia,9.449999809,680638,483.0224586,61.424,0.5
GE,Georgia,11.60200024,2031857,4078.254879,73.436,0.802
DE,Germany,3.75,43473204,44469.90906,81.178,0.942
GH,Ghana,2.355000019,13636862,1641.486625,63.033,0.632
GR,Greece,21.48999977,4880180,18613.42387,81.41,0.887
GT,Guatemala,2.734999895,6812658,4470.989572,73.654,0.627
GN,Guinea,4.485000134,4715858,825.3449298,60.617,0.465
GW,Guinea-Bissau,6.099999905,779982,723.6586216,57.805,0.483
GY,Guyana,12.03999996,318670,4725.319063,66.766,0.714
HT,Haiti,13.98799992,5014081,765.6839246,63.589,0.535
HN,Honduras,4.486000061,4312986,2480.125929,73.774,0.621
HU,Hungary,4.159999847,4656605,14224.84646,76.063,0.846
IS,Iceland,2.75,210822,70056.87339,82.912,0.959
IN,India,3.523000002,520194130,1939.612984,68.803,0.633
ID,Indonesia,4.179999828,127110965,3846.864323,69.355,0.705
IR,Iran,12.51599979,27344920,5415.209635,76.153,0.774
IQ,Iraq,8.161000252,10601039,5165.714157,70.038,0.686
IE,Ireland,6.399000168,2262895,69330.69015,81.643,0.945
IL,Israel,4.21999979,4031592,40270.25135,82.664,0.919
IT,Italy,11.21000004,25458955,31952.97592,83.169,0.895
JM,Jamaica,12.44799995,1501507,5109.552649,76.097,0.709
JP,Japan,2.829999924,66503545,38428.09732,83.908,0.925
JO,Jordan,14.92199993,2446266,4129.751671,74.476,0.72
KZ,Kazakhstan,4.900000095,9230422,8837.457302,70.027,0.811
KE,Kenya,11.47000027,19352405,1507.814864,67.291,0.575
KW,Kuwait,2.137000084,2253095,29040.36371,74.811,0.831
KG,Kyrgistan,7.28399992,2605503,1219.824048,71.069,0.692
LA,Laos,0.671000004,3602800,2457.376266,67.021,0.607
LV,Latvia,8.710000038,995283,15594.28602,74.719,0.863
LB,Lebanon,6.640999794,2207590,8523.74955,79.758,0.706
LS,Lesotho,27.24500084,959001,1181.811759,54.568,0.514
LR,Liberia,2.388999939,1532902,456.0530154,63.006,0.481
LY,Libya,17.68400002,2403125,7998.028819,72.11,0.718
LT,Lithuania,7.070000172,1458336,16680.6781,74.768,0.875
LU,Luxembourg,5.519999981,289930,104103.0367,81.955,0.93
MG,Madagascar,1.797000051,13053653,449.7223819,66.312,0.501
MW,Malawi,5.897999763,8029723,338.4836424,63.671,0.512
MY,Malaysia,3.414999962,15441348,9944.9043,75.452,0.803
MV,Maldives,4.994999886,220009,10535.7947,77.649,0.747
ML,Mali,7.910999775,6933000,824.5162257,58.456,0.428
MT,Malta,4.010000229,216819,26945.98388,81.012,0.918
MR,Mauritania,9.876999855,1312118,1136.763975,63.384,0.556
MU,Mauritius,7.130000114,605688,10547.21683,74.861,0.802
MX,Mexico,3.420000076,58072901,8902.830823,77.305,0.758
MD,Moldova,4.453999996,1269659,2289.877719,71.718,0.767
MN,Mongolia,6.959000111,1283607,3735.164302,69.465,0.739
ME,Montenegro,16.06999969,246871,7669.571906,77.271,0.832
MA,Morocco,9.331999779,12714484,3007.242877,76.059,0.683
MZ,Mozambique,25.04100037,12898678,415.7177167,58.872,0.446
NA,Namibia,23.33499908,989579,5227.18001,64.85,0.615
NP,Nepal,2.736000061,17053278,835.0798466,70.604,0.602
NL,Netherlands,4.840000153,9096107,48223.15549,82.005,0.941
NZ,New Zealand,4.881000042,2662134,42940.57829,82.038,0.937
NI,Nicaragua,4.44299984,2939653,2221.806445,75.653,0.667
NE,Niger,0.354000002,8438963,378.0603077,60.422,0.4
NG,Nigeria,7.043000221,58958901,1968.557681,53.875,0.535
NO,Norway,4.159999847,2789924,75504.56626,82.328,0.961
OM,Oman,3.25,2544115,15668.36663,77.258,0.816
PK,Pakistan,4.044000149,69957925,1547.853414,66.629,0.544
PA,Panama,4.486999989,1991732,15087.68163,78.195,0.805
PG,Papua New Guinea,2.661999941,3695703,2555.853162,65.705,0.558
PY,Paraguay,4.610000134,3385816,4365.526162,73.211,0.717
PE,Peru,3.59100008,17902590,6571.928645,75.22,0.762
PH,Philippines,2.345999956,44643324,2988.952703,69.238,0.699
PL,Poland,4.889999866,18303571,13811.66424,77.77,0.876
PT,Portugal,8.869999886,5173734,21136.29721,81.428,0.866
QA,Qatar,0.122000001,1975202,63505.80525,78.331,0.855
RO,Romania,4.929999828,8833526,10813.7166,75.574,0.821
RU,Russia,5.199999809,75638703,10743.09659,71.222,0.822
RW,Rwanda,1.297000051,6296321,748.39326,67.496,0.534
WS,Samoa,8.206000328,39277,4360.75395,75.24,0.707
ST,Sao Tome and Principe,13.47200012,67889,1912.970722,66.762,0.618
SA,Saudi Arabia,5.522999763,13834229,20760.90601,74.72,0.875
SN,Senegal,4.84499979,5179014,1033.069906,67.477,0.511
RS,Serbia,14.10499954,3138980,5900.038108,75.333,0.802
SL,Sierra Leone,4.47300005,2534310,499.4262954,52.214,0.477
SG,Singapore,2.023999929,3266673,57714.29663,83.218,0.939
SK,Slovakia,8.130000114,2752824,17604.95098,76.977,0.848
SI,Slovenia,6.559999943,988725,23597.29173,81.116,0.918
SB,Solomon Islands,2.049999952,267203,2132.115058,71.006,0.564
ZA,South Africa,27.32999992,22041176,6160.734569,63.404,0.713
ES,Spain,17.21999931,22966950,28156.81584,83.301,0.905
LK,Sri Lanka,4.078999996,8724539,4065.224874,75.485,0.782
SD,Sudan,12.7329998,11149950,2898.549346,64.698,0.508
SR,Suriname,8.123999596,221392,5900.556486,71.523,0.73
SE,Sweden,6.71999979,5316838,53442.00828,82.625,0.947
CH,Switzerland,4.800000191,4930840,80189.69686,83.473,0.962
TJ,Tajikistan,10.28100014,3423230,800.9669641,71.214,0.685
TZ,Tanzania,2.214999914,26306084,936.330768,66.31,0.549
TH,Thailand,1.082999945,39136388,6593.819806,75.498,0.8
TL,Timor-Leste,3.430999994,283478,2279.253204,69.199,0.607
TG,Togo,1.843999982,3533538,617.1766097,60.477,0.539
TO,Tonga,1.128999949,41220,3944.246001,73.179,0.745
TT,Trinidad and Tobago,4.842000008,674399,16145.18457,70.783,0.81
TN,Tunisia,15.38000011,4109734,3490.828293,75.943,0.731
TR,Turkey,11.26299953,31275221,10540.618,76.009,0.838
TM,Turkmenistan,3.401000023,2604028,7355.831345,67.956,0.745
UG,Uganda,2.104000092,15839805,604.0427482,60.182,0.525
UA,Ukraine,9.454999924,20535444,2639.824326,72.109,0.773
AE,United Arab Emirates,1.672000051,6447142,40698.84934,77.412,0.911
GB,United Kingdom,4.329999924,33870286,39720.44343,81.717,0.929
UY,Uruguay,7.89,1769073,16245.59837,77.645,0.809
US,USA,4.36,163463759,59531.66196,79.541,0.921
UZ,Uzbekistan,7.176000118,15311843,1504.226546,71.42,0.727
VU,Vanuatu,5.224999905,124882,3123.614592,72.334,0.607
VN,Vietnam,2.052999973,57495284,2343.124575,76.454,0.703
ZM,Zambia,7.791999817,7060768,1509.797013,62.255,0.565
ZW,Zimbabwe,5.011000156,8123245,1079.608291,61.712,0.593
